7;5;
2874;689;
1573;2837;1571;
71;2113;73;
69;115;11;
1912;
5;71;3;
1848;2088;
7590;7361;7498;
8984;9120;9114;9118;
551;63;654;
7739;7741;
2113;905;
386;384;587;
41;39;
1093;
888;886;
2623;2625;
743;841;85;65;
9;7;90007;
73;52;
52;54;
403;373;371;454;
2646;1956;
7410;7408;
9003;7002;
54;56;
7959;7967;
2270;2272;
413;415;802;
1616;1614;
56;58;
1797;1795;
423;1152;425;
2650;1140;
58;743;
2823;9557;1907;9352;9545;7710;
2274;843;
417;419;421;
85;63;
1800;1802;
8496;8229;
7620;7299;
63;109;65;586;86;
2424;2436;
2414;155;
45;43;
7156;7040;7039;
2478;2480;
109;111;84;
1824;1822;
47;45;
2408;2406;
2472;
111;113;
49;47;
2418;2419;
7160;7168;7167;
113;69;12;
75;77;
8460;8473;
7383;7443;7445;
2388;1204;
11;9;
2119;2121;
890;2146;888;
90007;
7588;7350;7348;
737;735;
3621;2414;
9708;8910;8911;
70;114;68;
7625;7466;7623;
6;8;
2883;1615;
493;495;2498;
1696;2870;
7894;7885;
72;2111;4;3;
1941;715;
2319;1221;
7830;7821;
8;70;115;
1877;1180;2285;
7467;7451;7465;7453;7463;7455;
8946;9195;9017;
2730;2728;
503;1261;498;496;
50;
7039;7155;9269;8074;9586;
409;406;
2353;1730;
114;112;534;
7453;7461;
473;471;2384;
48;50;
1917;1316;
415;417;419;421;
2264;2265;
112;66;
1981;1982;
479;2291;2284;
2305;2306;
66;64;86;
1574;1576;
7145;7114;
64;62;553;
1933;745;
62;61;841;
9410;9648;
421;423;1152;
1624;1622;
7417;7419;
61;59;311;
9409;
2430;2428;
8066;8477;8478;
2308;2309;2702;
59;57;
57;55;
55;53;
2470;985;
739;1386;876;737;
772;302;332;2383;
2619;1662;
53;74;
74;72;
4;6;90006;
2363;2365;
2726;2724;
483;485;
8963;9162;8960;8959;
90006;
14;16;
77;79;3604;
1792;1794;
2446;2447;
2440;2438;
79;551;
65;67;146;
2434;2432;
67;12;69;
2822;2824;
491;1132;
7368;7363;
3913;3915;
12;14;
16;18;
1885;1887;
511;509;
7007;7009;7011;
18;20;
505;503;1652;
20;22;
7378;7519;7371;
22;177;24;
2899;1715;
509;507;
1712;
7579;7625;
24;26;
1893;2305;
2746;2744;
7228;8541;7094;
391;913;393;822;2496;
26;28;
2242;1249;1932;
385;388;
7748;7647;7648;
28;30;
7655;7651;9566;7649;7657;7692;7650;
507;186;
2244;1693;
389;386;
1720;1722;
30;32;
32;34;
1901;1903;
2248;934;
399;401;1754;
34;36;
393;395;493;
8033;8500;
36;38;
2630;1167;
387;398;
38;40;
7657;7810;
397;772;192;
1600;294;
2254;2252;
7862;7855;7652;
1909;1306;
40;42;
407;1741;408;
2634;2208;
42;44;
401;435;403;454;
2258;2017;
7400;7402;
44;46;
395;397;
2260;2020;
7019;7027;
46;48;
405;407;
1608;1606;
51;49;
9014;8750;
7415;7615;
43;41;
2420;759;
7227;7118;
898;896;
2625;602;
39;37;
37;35;
35;33;
7747;7820;7832;
1932;1319;1248;
2249;684;
33;31;
2402;2400;
31;29;
2392;2034;
3902;
8833;9176;
1018;1016;
2247;2152;
7538;7418;
1727;815;
2245;7739;2032;
7385;7389;7514;
8470;8079;8089;
29;27;
2398;2396;2394;
27;25;
2404;2426;
8162;8049;
25;23;
7837;7846;7250;
23;21;
2587;1398;
868;866;
7482;7484;
8654;8621;8622;8666;8634;
2438;279;
707;403;402;1987;
8176;8501;
1719;1720;
21;19;
19;17;
2386;464;
17;15;
2376;728;
15;13;
2382;844;
13;114;68;115;
7124;9006;
8065;8038;
68;146;66;
2427;2754;
7419;7539;
376;707;
2111;951;2110;
1605;1607;1563;
7452;7468;
231;233;829;
3147;
1428;1430;
553;80;
80;78;
1949;1781;
7051;7123;
2317;2475;
78;76;
76;606;347;81;
2;71;4;
7206;7202;
489;216;224;
86;87;
87;89;
7901;9198;
89;92;
92;94;
94;96;
2333;2335;
96;98;
1965;
463;462;
98;100;
2337;2339;
457;459;
7174;7004;
100;102;479;
2331;2333;2339;
8097;8040;
451;449;
2694;2615;
102;104;
461;2262;
1664;1662;
7926;7917;
1973;1971;
104;1564;106;480;
2351;
7435;7296;7425;
471;469;633;
2698;2696;2694;
106;
465;
107;105;
2484;747;
105;103;479;1578;
103;101;
2842;1157;
101;99;833;
1816;1814;
2854;1328;
99;97;91;
97;95;
7972;7807;
2466;2254;
95;93;
93;90;
1808;1806;
90;88;
449;447;
9533;8721;8722;391;9648;
7812;7764;8238;7763;
88;108;
2335;2337;
1957;1958;
455;1116;457;
7292;7294;
2810;2808;
108;65;64;109;
459;461;
3;1;
2370;2164;
1;6;
84;66;
2315;2316;
115;116;
2870;1826;
116;118;
2347;1870;
118;120;301;
8023;8100;
477;475;
1680;1682;
120;122;
2367;1981;
1861;1826;2251;1045;
7196;7206;
487;489;
2714;2716;
122;124;482;
2887;2299;
7844;7846;
481;105;1564;
7623;7466;
124;126;
475;473;
2670;2441;
813;322;1727;
126;128;
2365;1385;
485;487;
1688;2823;7815;
128;1935;
1997;1999;
7497;7589;
1935;130;
2222;651;
365;363;2114;
1568;1570;
807;805;2507;
2369;2087;
130;132;
7995;7972;
8129;8371;
132;134;
2491;2492;
134;136;
2383;365;
136;138;
2005;2007;
815;1728;
2664;2701;
138;140;
140;142;
803;414;
2381;2129;
142;144;
7115;9565;7146;
144;
2013;2015;
2514;2515;
145;143;
298;1049;360;
2679;2677;
288;286;
1645;1643;
2504;2497;
143;141;
294;292;
2659;2661;
7426;7430;7428;
141;139;
1856;1858;
2510;1220;
2516;2517;
139;137;
300;298;
7341;7335;
7008;7006;7007;
290;288;
3916;3914;
137;135;
280;755;1995;
1637;1635;
7484;7478;9515;
135;133;
286;284;762;
1976;2218;
133;131;
292;290;856;
131;1936;
2886;2146;
221;906;481;2573;
1936;129;
7767;7748;7816;7762;7814;
374;372;
2739;2737;
129;127;
2498;2496;
282;280;2670;
2663;2665;
127;125;
2488;1696;
844;1106;398;
125;123;
1840;1838;
2494;2495;
8130;8270;
2372;2166;
123;121;
121;119;
7933;7842;
119;117;298;
2858;2784;
117;10;11;
1832;1830;
10;1218;70;12;
2903;770;
497;1652;502;
1222;1224;2520;2304;
170;172;
172;542;
212;210;
2443;1692;
542;174;
7147;7058;7060;
3616;510;
174;168;
2413;2013;
2415;2440;
168;166;
2037;2039;
7298;7462;
2564;662;
827;826;
1728;818;
8764;8768;
166;164;
164;160;
2395;2397;
160;158;
2029;2027;
7537;7543;
8756;9212;9233;9330;
819;817;
158;156;
2397;2399;
156;153;
153;151;639;
306;304;1049;
151;149;
2890;2874;
8118;8137;
1653;496;503;
296;297;
149;147;200;925;
1864;1863;
147;3147;925;176;67;66;
2902;1844;
308;306;1049;
7613;7535;
823;825;
2385;472;
146;148;
2379;2380;
148;746;150;390;
811;809;
2676;2541;
7688;7849;7678;
150;152;
152;154;
2399;2401;
2021;1881;
154;157;
831;229;
2680;2682;
7703;7693;
157;159;
1872;2313;
2526;2805;
310;308;306;
2675;2431;
2520;2522;
159;161;
304;300;
1661;1663;
161;163;
2530;1846;
314;312;
2567;8631;8632;
163;165;
165;167;
1880;305;
1735;1737;
318;316;463;
2906;2913;
167;175;169;
7355;7383;
2753;2471;
312;406;310;408;
1541;1539;
175;543;
2536;2535;
543;173;
2904;2903;
2759;1062;554;
506;508;
2563;2423;
7305;8219;
9674;7005;
1743;1266;
2542;98;
173;171;
1888;1886;
171;
2548;2536;
7022;8931;
176;61;841;
2045;2047;
177;179;
2546;2528;
179;181;
7514;7387;
1049;
1751;1749;
1896;
181;183;
183;185;
185;506;187;
187;110;1035;722;2129;
2436;2434;
7083;7203;
110;
2349;2350;
469;465;733;
1672;1674;
2558;2560;
189;188;
7735;7789;
1904;1902;
188;186;
186;184;
873;875;
7949;7951;
1236;1223;
184;182;
1925;2678;2427;330;
2431;2433;
1744;1746;
8087;8050;
7720;8011;
182;2234;505;180;
180;178;2583;
2411;1698;
178;23;
2417;863;
7167;7159;7164;
297;118;2847;299;362;
2515;2516;
662;660;
7176;8711;
2164;2372;2292;
299;303;2848;
650;
2519;2420;
2152;265;
303;305;
1357;2214;
512;514;
7621;7396;
305;307;1227;
2162;1412;
670;668;
2909;2911;
307;1227;410;
1227;1741;410;
384;653;
1741;313;
1365;1363;
520;522;
7318;7332;
313;315;2506;463;
315;317;
7810;7647;
2052;2232;
1216;822;1726;
8252;8360;
678;2128;
2531;2089;
524;526;
317;319;
2174;2172;
9665;9331;
666;664;
2535;2408;
3909;3911;
2168;2231;
319;321;814;
7684;7643;7690;
321;323;
2178;2176;
323;325;
2566;2552;7184;
3903;3905;
325;327;
1656;1657;9430;
327;329;
2682;2684;
329;333;2390;
333;
2190;1413;
1536;1538;
330;328;819;
2711;1960;
8150;8152;
328;326;
1685;1683;
2063;2061;
326;324;
2691;
7809;7942;
324;322;
2171;1631;
7373;7353;7375;
7040;9586;7155;
8775;8771;
322;320;
2049;2051;
320;318;
1677;1675;
316;314;
7303;7309;
9664;2061;
334;335;
2061;2059;
2184;2186;
335;337;
337;339;
2194;2196;
2582;179;554;
339;341;
341;343;
1544;1543;
2240;2381;
9081;9150;9087;9246;
1028;520;732;
8157;8420;8421;
343;346;
2570;2447;
2727;2729;
346;348;549;1093;
8068;8281;
193;195;
525;523;
2894;2892;
348;350;
2077;2079;
350;352;720;
7217;7219;
197;199;1691;
2040;2038;
529;71;
2898;
352;353;492;
1709;1702;
207;209;
8067;8478;8281;
1740;459;
7716;7794;
2210;2212;
353;355;
718;709;
355;674;546;357;
2598;2599;
9139;9072;
7402;
692;694;
7951;7817;
2262;315;314;
357;359;703;
1560;1562;
706;7052;494;9308;495;970;914;397;
7547;7555;
2586;2327;
359;362;299;361;2847;118;
362;364;
2743;2745;
209;211;
364;2382;366;
7054;7069;7072;
203;205;544;
2093;1975;
366;368;1094;
213;223;215;
368;371;454;
1725;1984;
7058;9617;
223;226;
2284;477;
8997;8999;
734;736;
371;373;
2614;2695;2697;
373;405;377;
1576;
377;
2631;2562;
378;374;405;
372;404;370;454;
2091;3090;
211;213;831;
2097;225;
370;369;
217;219;
2226;2228;
369;367;
714;713;
2216;520;2122;
367;365;
7061;9617;7148;7200;7031;
726;728;
2228;467;
363;298;117;
8182;8415;
2095;1973;962;
360;358;238;703;
1717;
215;258;217;
2723;2725;
358;356;
7490;7482;
205;207;235;
1920;1916;1921;
7841;7873;7874;
356;354;1034;
2075;1775;
195;197;
7072;9618;9617;
7405;7617;
2081;
354;351;
7430;7432;7436;
201;203;
351;349;1729;606;
2200;695;
349;769;347;
2206;2217;
1552;1554;
7495;7491;
9165;8864;
710;1299;
2212;1350;2523;1283;
347;655;345;
345;344;
521;731;519;
7387;7389;
2079;2081;
344;342;
1701;1703;1708;
7548;7381;
199;201;
342;340;
2707;2705;
1336;1332;
517;515;
340;338;
2059;2105;
338;336;
2065;2063;
513;511;
2882;2880;
1693;1690;1013;1012;2444;
336;547;334;490;
7874;7842;7839;
2116;931;
379;220;
220;380;744;218;258;
380;381;
7512;7570;
9190;9215;
219;221;
381;383;
1584;1582;
7065;7046;
730;1028;
383;643;385;
2232;2054;
7873;7839;
2235;2236;
388;391;
332;376;
7612;7493;7494;
1918;625;
408;1836;410;
2143;2145;
1765;1763;
575;577;
410;413;415;1152;
2791;2627;
419;421;
2662;2660;
425;
2159;2153;
424;422;
1781;2669;2075;
7554;7546;
571;573;
2820;2799;
422;420;418;416;
2787;2785;
420;418;416;
7905;7806;7735;
2139;2066;
418;416;
2145;2887;889;
416;414;412;
1773;1771;
7281;7283;
9012;9114;
563;449;
2141;1301;1292;
414;412;1897;
1280;2156;
589;591;644;
1263;795;
7849;7827;7644;
2083;2151;
412;1897;411;310;308;
2276;
411;310;409;1741;
555;557;
406;374;377;
2771;1455;
2123;
404;1993;402;1987;
2188;
1993;435;
435;434;821;
2678;2680;
434;844;375;
2161;1301;
398;396;2498;272;495;
2125;730;
7020;7013;
547;335;
396;394;
559;561;
394;392;
2775;2773;
2127;1297;
392;390;823;2752;2906;2838;
1749;1747;
7650;7656;7673;
539;537;
390;389;
2755;2029;
476;2283;
2147;1337;
806;808;
1344;1342;
653;382;
2109;2158;
382;217;
1944;2225;
229;231;
265;263;426;
426;428;
2807;2809;
428;430;601;
2157;1274;1203;
430;432;
432;436;
1789;1787;
2155;1249;
436;438;907;
2836;1572;
7976;7979;
2803;
438;440;
440;442;
2175;2177;
1669;1667;9431;
442;444;
2695;2697;
444;446;
446;448;
2173;2175;
9532;9533;
448;450;564;
615;613;
2330;1992;
7803;7804;2699;
9534;8620;
450;452;
2177;
452;391;639;
2299;2300;
522;524;
2391;2393;2734;
1339;1341;
192;820;237;
237;399;
1952;1605;
7369;7363;
262;428;2083;264;
2627;2792;
603;703;
454;1084;455;
484;481;
2203;2329;
1352;1354;
661;2565;663;1399;
814;812;
812;1963;811;
1963;1222;
7278;7280;
1224;
1223;811;1964;
830;832;
1368;
677;705;
7779;7057;
2281;2099;
1964;813;
7084;7194;
611;609;
2342;2340;7879;
3904;3902;
462;460;
2189;1414;
460;458;1118;
623;621;
458;456;
8407;8523;
7436;7438;
2191;2192;
456;370;404;371;
567;569;
7357;9477;
7024;9087;9254;
2129;188;
402;1754;400;801;
1757;2290;
400;331;
331;387;
2196;2201;
2752;451;
2296;2165;
447;445;
2835;2833;
445;443;
1648;686;
7991;7990;
2302;2571;
2180;2116;
443;441;2484;
441;439;
439;437;565;
2666;2664;
437;433;
1640;1642;
2290;1142;605;
433;431;
2280;1261;1063;1062;
431;429;
429;427;263;
1632;1634;
2286;1876;
2292;2293;
427;264;
247;249;
264;
1621;1623;2033;1997;
8086;8050;8363;
7071;7054;
82;193;
2321;2307;
2102;2193;
883;885;
222;220;9735;
2744;2369;
895;897;
9183;8936;
3102;
218;223;216;
905;530;
7420;7534;7612;
2096;927;2098;
1726;706;
216;214;
875;1265;738;737;
2740;2839;
7752;7750;
214;212;
887;889;
2090;1527;
210;208;
208;206;
2086;2368;
867;869;899;
206;202;
2445;2446;
2728;2726;
879;881;
202;204;2500;
2387;2385;
534;536;582;176;
204;200;925;
530;532;702;
200;198;
2447;742;
2080;2078;
1710;1712;
7659;7661;7675;
2724;2722;
859;853;
198;196;
526;2443;1013;1690;528;937;
2555;2448;
196;194;533;603;
7398;7395;
8792;8790;
871;873;
2074;2073;
194;650;3650;
2433;2435;
8059;8053;
7492;7496;
641;640;
794;1264;
2151;2255;
464;468;
2187;2185;
468;470;1321;633;
619;2267;
470;472;628;627;
472;474;
2207;
639;149;
474;476;
2283;478;
7456;7468;
7345;7341;
9076;9074;
2358;612;
627;625;
478;101;104;
2205;2206;
480;483;222;
224;258;
258;260;1933;
7462;7454;
233;
7745;8556;7751;
2107;2102;1141;3102;
260;262;
227;489;
7500;7502;
1027;1035;722;
2255;2077;
7406;
2082;2080;
1242;1240;
2078;2247;
7451;7465;7459;
738;941;1265;740;
263;261;
2618;2032;7738;
261;259;
1592;1590;
750;
259;744;218;380;217;
7302;7300;
2106;836;352;721;
775;777;
7963;7956;
226;488;228;
2465;1827;
7468;7453;
2223;2221;
488;486;
486;484;
228;
234;232;
2479;2732;
232;230;
7362;7368;
891;893;
2628;2139;
230;214;830;
490;335;
527;525;
2888;893;
492;240;
240;266;311;
241;243;
266;268;
2647;1568;
7624;7422;7578;
268;271;
7348;7350;
9201;8936;
746;751;2752;154;845;
2120;2118;
271;397;493;273;770;
495;1652;497;9312;
502;504;
8040;8364;
523;521;732;2442;
2900;1528;
1733;1735;
2239;2377;
504;181;
508;510;
531;53;701;710;
2237;3616;
510;512;
514;516;
7489;7472;
516;518;2344;
2875;2877;
8137;8031;
2371;1980;2159;
518;1028;
528;
1373;1475;
7558;7560;7450;
519;517;
2362;
515;513;
2221;2219;
494;272;1041;394;
535;704;196;
7325;7331;
8951;8828;9199;
7478;7584;
2225;959;
498;496;
496;494;913;2498;397;822;
255;253;
272;270;
1629;
245;247;
1960;2367;1653;
270;269;114;
269;267;704;
2126;729;2375;
7272;7444;7276;
758;280;
7093;7062;8540;7178;7016;
267;239;311;
2132;2052;
256;
1613;1615;1617;
239;241;354;
532;703;
703;534;268;
1381;1380;
536;538;
897;
2754;2429;
538;540;
2407;2409;2794;
540;2499;
2148;1989;
283;285;2861;
7906;7735;
2499;203;
646;648;
1389;1377;
544;545;
2914;2817;2907;8619;9735;
545;
7399;7590;
284;282;
7544;7422;
2500;541;
251;250;
541;539;
2910;1834;
537;535;
7002;9009;
704;533;358;359;
533;531;
2154;1280;1203;
951;
549;550;1093;
8169;8201;8218;
550;77;
2403;2405;
3604;838;
7063;7094;
720;2131;719;
2179;2117;
838;840;
7638;7636;
1173;1175;
840;61;85;842;
2575;2576;
586;555;
557;559;
7877;7941;
561;587;563;
7030;7147;7060;7061;
565;567;
7034;7892;
569;571;
573;575;
7428;7426;7430;
577;579;
2310;1223;
579;2128;
7052;8619;745;9532;2914;9533;8618;
580;578;
7553;7551;
578;576;
2817;9388;9378;2819;
576;574;
1421;2853;
574;572;
572;570;
7619;7296;7511;
570;568;
2311;1884;2303;
1285;1287;
568;566;748;
7447;7355;
1104;2202;1102;
925;1216;
2782;
566;438;
2419;2519;
564;562;
562;560;
560;558;
1405;1046;
558;556;
556;64;585;
841;839;243;
839;837;
2170;1632;
837;78;350;
1144;1146;
1274;2155;
7609;7607;
2110;2112;
2112;2113;
1742;1744;
582;584;
2435;2526;
8043;8390;9591;
1070;3621;
9525;2823;7815;1688;
2282;617;
7382;7549;7423;
2831;1329;
584;586;64;
1429;1565;480;906;
587;589;
591;593;
593;595;
2326;2586;
595;597;
7062;7073;
1288;1286;
597;599;
7056;7779;7048;
7389;
599;601;
2314;1043;
601;2622;
2471;1075;
602;600;429;
600;598;
2847;2849;1050;
1445;1443;
598;596;
596;594;
594;592;
2833;696;
592;590;
1437;1435;
590;588;
588;562;643;
585;583;
8514;8511;
7622;7624;7422;
583;190;535;
2426;2402;
606;608;
2845;119;
608;610;
1453;1451;
610;2358;
2849;298;
2843;
612;614;
7585;9420;
614;616;
2467;2345;1869;
7414;7616;
616;1081;
2863;2865;
1461;1459;
7546;7550;
1081;2266;
696;1617;259;
1413;2163;
1054;1056;
2266;618;
618;620;
2487;2489;
620;622;
622;624;
2861;2863;
624;626;1917;
1469;1467;
1316;469;
7370;7422;7377;
9609;9718;9606;
660;658;
2891;2875;
1321;1918;
625;623;
1312;1310;
621;619;835;
8186;8197;
1721;1937;
2428;2860;2390;
2267;2282;
617;615;
1304;1302;
613;2359;
7443;7271;7275;
9308;9706;8620;
849;851;
2706;2708;
2359;611;
7460;7452;
609;607;
607;550;632;
7444;7384;7446;
842;190;535;146;
2199;
581;238;
1400;1345;1867;
771;786;
2477;2537;
238;239;743;266;
276;274;
243;245;
274;272;
249;252;83;
252;254;
7505;
787;785;1148;
254;256;
2493;2494;
2114;298;
257;255;
278;1044;276;
2643;2644;
1968;2137;
253;251;
7799;7733;
250;248;
1989;1334;
248;246;
2495;2347;
779;780;
2644;2623;
246;244;840;
2475;2476;
244;242;
242;240;
2481;1851;
658;656;
2897;2898;
8125;7127;
311;194;359;
638;148;
2877;2879;
7617;7415;
644;646;
648;
1493;2544;
2895;2897;
802;804;
649;647;
647;645;
2490;2488;
645;590;
1464;1466;1497;
804;806;
7265;7273;
2374;2378;
643;642;
7116;9683;
295;294;
7483;7471;7481;
642;641;
2881;2883;
1126;1128;
640;639;
1485;1483;
7269;7528;
1691;148;
781;220;
2638;2636;
3650;
1793;1791;
291;293;
654;585;553;
2893;2895;
655;657;
2167;2270;
810;1222;813;
657;659;
7377;7370;7518;
659;661;
2390;2525;
1141;1042;
808;810;
7606;7608;
7120;7137;
2378;2376;
663;665;
818;329;
665;2473;
1995;278;
7310;7304;
2473;667;
1644;1649;
7971;7994;
828;232;
7815;9523;7768;
667;669;
822;1219;9512;9513;
2163;1410;
1360;1362;
669;671;
816;814;
1149;785;771;1130;
671;673;
7363;7360;7358;
826;824;
2055;2233;
7524;7385;
673;
1962;672;
672;670;
1517;1519;
668;2474;
7723;7349;
2474;666;
759;761;2866;
7574;7281;7349;
1109;790;
776;774;
1150;1141;1140;
664;662;
1509;1511;
2911;
656;346;
1501;1503;
7297;7497;7400;
836;351;
2683;2681;
2565;2563;
1729;838;
8765;8761;9064;
169;676;
7649;7673;
2907;388;
676;678;
1758;1953;
2128;682;
7284;7282;
9137;9107;
682;2249;
2551;7185;2518;7183;7163;
684;2250;688;
7011;7145;9674;
1046;1407;
7031;7257;7999;
688;690;2873;
1533;1531;
690;692;
7208;7094;
694;2199;
2547;2549;
695;693;
2410;693;
693;691;
1384;1229;
7409;7411;
2422;2582;
691;689;
9130;9113;
7283;7285;
689;685;
1376;1388;
685;680;
8011;7716;
1038;1036;
2250;2674;
680;683;
1525;2091;
683;681;580;
681;679;
7867;7034;
2241;2859;
1029;1195;
824;391;
679;677;
2394;2392;2733;
858;288;856;
2215;1888;2195;
7556;7614;
705;168;1598;
2360;2554;
765;767;
7287;7469;
1456;1458;1513;2533;
790;792;
2131;
747;567;
780;778;
7347;7587;
753;756;
2135;953;
778;776;
749;750;
1440;1442;
7881;7903;
2115;2179;
774;1041;274;
8152;8156;
1041;2314;
2416;2569;
2046;2044;
2271;2373;
1043;277;2802;
277;1994;
1135;1137;
2805;2203;
2830;1330;
1994;279;
754;752;
8093;8230;
279;281;757;
281;283;
2865;760;
626;628;471;
1118;1983;
760;2416;758;
1477;1373;
8656;8106;
2569;2417;
863;865;491;
2712;2714;
7813;7763;
2866;2864;
2864;2862;
1470;1472;
2862;284;
2256;831;
8969;9060;8966;
1044;2904;
745;696;2832;
7974;9689;
770;773;
773;775;
777;779;
1746;1748;
1399;1401;
7344;7458;
740;877;
7354;7374;9755;7423;
1401;1403;
1403;1405;
1407;1411;1409;
1411;
2211;2157;
870;2363;868;899;
1408;2501;
717;713;
7282;7575;
2501;1406;
1983;1122;
285;287;
2142;2132;
1406;1404;
1404;1402;
2745;2747;
7225;7087;7231;7081;
1402;664;
968;970;1125;
2703;2692;
2848;2844;2846;
1454;1456;2103;1536;
7578;7544;7422;
1113;
2844;
8874;8881;
7539;7541;
2802;639;
2231;2269;
874;872;940;
721;698;
2439;2422;
698;700;
700;530;
702;703;
722;724;914;2374;
1385;738;941;
2604;1942;
724;726;
728;2125;928;
732;734;
736;738;876;
941;2124;943;
2798;2796;
1120;2645;
1929;2109;
2124;
942;1386;739;
2669;2668;
1213;1147;789;
880;878;
735;521;520;
7879;7877;
892;890;
731;2126;
882;880;
2609;2610;
729;727;
7670;7663;7664;
1205;1207;
872;870;
2607;2608;2331;
727;725;
2442;2123;
878;741;
2605;2207;
725;9313;723;971;2496;
1416;1418;
884;882;
2603;1345;
723;188;1027;1000;2129;
7223;7221;
1392;1394;
701;699;
699;720;
7724;7354;
744;217;258;
2832;2834;
1438;1454;1440;1581;
7909;2030;
2834;2836;
1572;1574;
1575;1573;
8412;8203;
2837;2835;
8133;
2674;749;
817;816;
7075;7077;
748;2485;
2485;442;
1839;1841;
273;275;
2130;1604;
766;764;
275;277;
2503;1890;
762;760;
2136;1693;
287;289;856;857;
289;291;
2146;2144;
293;1599;295;
1101;1099;
768;766;
751;753;
756;279;
757;759;
1448;1450;
786;788;
761;285;
857;861;
1040;1038;
861;863;
2718;2719;
7459;7542;
1132;1228;
7204;7084;
2722;2720;
865;867;
1228;1385;
7555;7392;
9706;1601;
2101;2107;
1265;1742;
1748;1750;
7437;7431;
1750;1752;
7441;7516;7517;7433;
1752;2703;
955;957;
2692;2693;1016;
2693;1025;
1151;1149;
1025;
1026;1024;2205;
7715;8010;
2217;2905;1753;
1900;
1052;1054;
2905;1753;
7359;7357;7362;
1906;765;
1753;1751;
1747;1745;
1745;1743;
1266;876;739;
1386;1384;2366;
1229;1131;
896;894;
7982;2613;
1131;864;
719;717;
1197;1198;
864;862;
709;
1528;1530;
862;858;
2589;1636;
7498;7298;
9225;9114;
788;1147;1214;790;
2486;875;
755;754;
7095;8062;
752;639;
769;768;
2626;2642;
764;1260;1723;
1723;1721;
1937;1717;
8057;9591;8344;8390;
1722;1906;
767;1093;348;
1299;712;
712;714;
866;864;
2593;2605;
7942;7878;
713;716;
716;718;
876;874;
715;712;
1300;711;
1189;2096;1191;1007;
856;1598;910;854;1597;
2591;1912;
1342;1340;
8060;8123;
2554;2556;
711;530;
7481;7489;
3911;3913;
1146;789;1214;1135;
789;787;
1148;1150;1272;
1140;1138;
1138;1136;2673;
8127;8080;
7479;8428;8215;9536;
957;467;
1136;1194;
2814;2812;
1194;1127;
1127;1123;
1123;1181;1091;1004;
7596;7470;7592;
848;846;
1181;1119;1740;1755;
809;807;
805;803;
1122;1200;1124;
7073;7075;
1124;1126;
1128;1135;
1137;1139;
1139;1151;1141;2649;
7106;7197;7210;7212;
1147;1145;
1145;
7610;7442;
2876;2890;
825;828;
1165;1163;
832;100;
3534;
2291;834;
7464;7468;
2561;2559;
834;620;
2859;1331;
628;630;2360;
630;
1320;1322;
629;627;471;
7094;7178;7093;
835;478;
2054;2056;
7172;7881;
833;831;
2690;2691;
829;827;3629;
2686;2688;
1284;2213;
2496;9512;822;
8825;9205;7901;
1024;1022;
845;847;
2702;2704;
847;849;
2696;2694;
851;859;
2070;2072;
1032;1862;1045;
853;855;
7645;7962;
855;857;288;
2058;2060;
1048;1347;
869;871;
1056;1058;
877;879;
2734;2393;
881;883;
2738;2740;
1064;1062;
885;887;
889;891;
1072;1074;
893;895;
2750;2490;
741;739;
1432;1434;1579;1566;
894;892;2889;
2621;2613;
2227;991;
886;884;
854;846;860;
2195;2021;
860;852;
7562;7567;7560;
852;850;
2571;2312;
850;848;
2577;2588;
846;2496;639;913;
2573;2575;
2118;2180;
899;901;
901;903;
2234;2235;
903;2086;
2368;2743;2076;
1998;1622;
7834;7823;
2076;
1881;1883;
7395;7620;
2087;904;
1237;1239;
904;902;
2639;1225;
902;900;
2243;2257;
900;871;868;
2747;2790;2749;
7361;7498;
7646;7978;
2583;2415;
910;2730;908;
2637;2639;
2720;
7195;7193;
994;961;
2721;2723;
1055;1053;
2725;2727;
7203;
1388;1390;
2729;909;
1088;1090;
909;855;
2766;2765;
2441;2439;
1612;1610;
907;909;
2772;2774;
908;437;
7508;7510;7391;
906;
2263;2264;
914;9545;915;1011;1009;
2641;
915;917;1009;
2134;1455;
1096;1098;
917;919;
2122;2120;
919;921;
921;923;
923;
2788;2856;
924;922;
2279;1104;604;
922;920;
1253;1255;
920;918;
2655;2657;
918;1010;
7432;7440;
2259;2016;
1010;916;725;
2737;2709;
916;725;
2635;2637;
1730;271;
8766;8770;
1261;2671;2758;
928;930;
930;2115;
2657;2659;
2117;2119;
1599;1601;
2121;2123;
1804;2075;
2150;2183;
931;929;
929;729;
7268;7272;
2786;2788;
913;822;936;
2770;2772;
1269;1271;
2671;2202;
936;912;
1245;1247;
912;2248;934;
2275;2273;
934;
1112;1114;
933;1730;
937;
1016;1014;
2751;2301;
1221;2320;
7528;7530;
1014;1692;1012;527;
2521;1223;
1692;2135;2243;9632;2757;1697;2823;
953;955;
467;960;2230;2224;
2710;8769;9708;2712;
960;1910;995;993;
1910;1655;
7733;8018;7672;7671;7010;8012;
8112;8113;
1655;1931;
1931;1968;1653;
2137;1970;
1820;1866;1818;
7423;7545;7625;7623;7466;7516;7371;7579;
1970;1972;
1972;2094;
1258;1256;
2094;1974;
9713;9450;9603;
7797;7659;
1974;2092;
2092;1978;652;
1897;410;413;
7801;7803;
1978;
7920;7904;
1975;2095;
1971;2138;
935;2275;
2138;1969;
1969;1351;
1351;1654;
1654;1979;
7989;7991;9741;
1979;961;1656;
7300;7621;
961;959;
959;958;2229;
2808;1512;
958;956;996;
2685;2683;
956;2595;954;
2183;1338;
954;2136;
1192;1205;
1013;1015;
2218;2220;
1015;2206;1017;
940;939;
939;938;
2804;1239;
7540;7538;
8881;8886;
2295;2296;
938;865;
1652;911;966;687;2710;1351;
966;968;
7572;7574;
970;974;1003;914;
974;976;
2701;2662;
976;978;
978;980;
2705;2514;
980;982;
2699;7654;2698;
7496;7472;7471;
982;984;
984;2469;
2719;
2469;986;
1823;1825;
986;988;
988;990;
990;2226;992;
2717;2715;
1011;1692;1013;9633;
2230;1943;
7888;7897;
1943;1718;
1718;2184;
8053;8512;8460;
983;1040;981;
2186;2188;
7683;7921;7679;
2185;1596;
1868;1867;1898;
1596;1944;
2425;2403;
7047;8803;
8896;8891;
2229;2227;
1583;1585;
991;989;
7511;7509;9634;7619;7296;
1168;1170;
989;987;
987;2470;
985;983;
1160;1162;2277;
981;979;
2198;1069;
979;977;
7571;7352;7513;
977;975;
975;971;
971;969;2496;
969;967;
1086;1088;
7804;7802;7963;2698;
967;1653;
2298;2886;
1008;1730;
1003;1001;
7718;7697;
1001;722;188;
1009;1011;
1017;1019;
1019;1021;
2756;2331;
7543;7460;
1200;1202;
1021;1023;
1023;1025;
2749;
1022;1020;
1020;1018;
2731;2478;
1012;1010;725;
2735;1032;
1000;1002;
1002;971;
2236;2237;
2041;2043;
7411;7405;
2344;2379;
7375;9754;
2380;2239;
1673;1671;
2377;2160;2240;
1548;1550;
1035;992;1037;
1037;1039;
1039;982;
2709;2707;
992;994;1656;
996;998;
2715;2713;
7271;7269;7263;7267;
998;
7708;7704;7705;
2202;2204;2843;
999;997;
1176;1174;2570;
997;957;956;
2214;1356;
995;993;
993;991;1036;
7332;7326;
1036;188;1027;9313;
2889;686;
1034;720;
7504;7500;
1047;297;
1050;1052;
1058;1060;
9507;9505;
2272;2274;
1060;482;
7009;9674;8587;
482;2280;
2209;2632;
1063;3065;
1212;1923;1267;
3065;
1065;1064;
1062;2583;1061;502;1652;
2273;2271;
1061;1059;
7532;7524;
1059;1057;
1057;1055;
1053;1051;
1051;362;298;
1066;1068;
1068;2197;
3912;3910;
2197;1070;
1551;1549;
7448;7571;
9126;9221;
155;550;
2532;2530;
1084;1086;
1090;1122;
1202;1189;
1191;2389;1193;2524;
7123;7902;
2389;
1204;1190;
1190;1996;
1996;1187;1188;
7811;7658;
7660;7674;7675;
1187;1201;
1201;1123;
1091;1089;
7564;7391;
1089;1087;
1087;1085;
2629;2065;
1085;456;
81;162;
162;3622;1072;
2401;2425;
1379;1093;
3622;1071;
7340;7336;
1071;2198;
2741;2842;2739;
8180;9425;
1069;1067;
1067;
1074;2421;
2421;2472;
7155;7160;
3624;972;
1075;1073;
1073;2414;
8184;8263;8260;
8095;8400;
1106;1104;
8075;8317;
1102;2324;
2324;191;453;
7026;7208;
191;799;
2552;2550;2549;
799;797;1986;
2648;1567;
797;1115;795;
2654;2652;
1115;1113;
7449;7558;7559;9386;
1114;2437;
7218;7216;
1919;2094;
2437;796;
796;798;
798;800;2322;
2322;2323;1101;
7397;7396;
2323;1731;
1731;1103;2280;
1103;1105;
2773;2771;
1105;772;
2158;2370;
301;332;844;
801;799;
2658;2656;
795;793;
2660;2658;
7394;7423;
793;2325;1108;791;
1108;1110;
7445;7443;
1110;
7568;7563;7392;
1111;1109;
1125;1005;
792;794;2437;
1133;1196;
800;401;
8189;9761;8466;
375;302;
2602;1945;
302;119;
7446;7384;
8409;9181;9017;
2193;2281;
466;1163;
8114;8334;
1279;769;
9712;9723;
2099;2097;
225;1190;
8100;8098;
7954;7823;
1119;1985;1117;
2789;2787;
1985;403;1993;
9021;8869;8870;
821;387;
2913;2908;
674;356;
1177;1179;
2908;
8755;8748;
7530;7526;
820;707;
1987;1182;1118;
7557;7417;
2098;2100;
1264;2759;
7607;7464;
2100;2101;
9727;9770;9602;
1094;1096;
1098;2324;
453;1090;
1784;1915;1786;
8031;8033;
1042;1756;1143;
1143;2538;
7600;7591;
7477;7483;
1142;1151;1140;
1004;2322;
7950;7954;
1099;1097;
1097;1095;
1095;369;
1116;1182;1118;
1756;2538;
1326;2854;
2538;1758;
1953;1760;
1760;2735;1762;
7510;7618;7564;7508;
1045;1082;
1082;2736;
2736;1762;1761;
1761;1954;
1954;1759;
7570;7383;7447;7572;
1759;2539;
7200;7202;7060;
2539;1757;1143;
7021;9184;
1296;1294;
605;2193;
784;771;1148;
1117;456;
782;784;
1214;2325;790;
2608;2609;
1152;1158;1230;1891;1154;1156;
973;1083;
1154;1156;
1156;1158;2841;
1158;1160;1170;
1162;1164;236;
7491;7496;
1164;1166;
8139;8119;
2560;2631;
1166;1168;
1170;1171;2445;
1171;1173;
3914;3912;
1175;1177;1961;
1179;2285;
2285;1180;
1180;1178;1961;
7513;7352;
1178;1176;
7509;7511;7392;
1174;1172;
1172;1169;
1169;2630;1159;
1167;1165;
1163;1161;2742;
1161;1159;
2892;1618;
1159;1157;1153;
1157;1155;1153;
2687;2685;
3910;3908;
1155;1153;
1153;422;424;412;
7581;7583;7584;
791;1213;789;
785;783;
2642;2641;
783;
2632;2633;
7137;7999;7256;
1188;1186;
1186;1184;
1005;1006;
1184;1119;
554;2279;
2423;2561;
7025;8586;
9268;9516;7588;7349;7350;7354;
2559;2557;
1331;1335;
7210;7257;7209;7256;
2557;2555;
2448;629;
7472;7490;7495;7484;
2556;2558;
2562;2564;
190;268;535;
2429;2540;
1182;1183;1195;
2576;2577;
1183;1185;
8018;8012;
7012;7019;
1185;1202;
1007;1029;
8046;8084;
1195;1197;1776;
1198;
2592;2606;
1196;1183;1184;
3907;3909;
1030;1031;
1031;1190;
8119;8346;
1776;1199;
1199;1197;
1219;1051;
7035;7872;
8254;8316;
1218;1217;
8253;
1217;926;
926;148;201;
2653;2655;
83;2542;
2838;696;
2384;2386;
2014;2012;2412;
633;635;
7618;7295;7510;
635;636;
2884;2882;
8135;8131;8153;
636;
1328;2830;
637;708;
708;634;
2375;2377;
634;469;470;
7255;7257;
733;2387;
1424;1426;
91;253;
2468;1951;
7755;7747;
1294;2141;
2506;804;
7371;7378;7423;
2304;2508;2305;
1934;2604;
2306;2308;
2309;2317;
2476;2731;
1769;1767;
2480;
2732;2477;
1513;1515;
8035;9785;
2537;2318;2513;
1708;1710;
7254;7147;
1301;1303;
2513;2514;
2517;2310;1894;
1871;1878;
2507;314;
7168;7164;7159;
2153;2108;
1836;409;410;
1193;60;
7559;7450;7561;
60;1192;2097;
9408;9415;
7664;7666;
1207;1922;
7616;7404;
1922;1211;
1211;1213;790;
7059;7148;
2325;1212;
8924;
7884;7886;
1923;1210;
7545;7579;
1210;1206;
7541;7537;
1206;927;
927;1033;
2776;1544;
1033;1204;2524;
7086;7119;7125;
235;
1226;299;
1230;1232;
2624;2626;
7575;7573;7634;
1232;1233;
1233;1235;
1235;
1234;1231;
1231;1153;2523;
2204;798;
2009;2011;
1310;1308;
2522;1230;2213;
2213;2211;
1567;1433;
1203;1275;
1275;1277;
1277;1242;
944;942;
7953;7949;
1240;1238;2803;2804;
1239;1241;
1241;1278;1243;
2672;1062;
1278;1276;
1276;1274;1280;
2156;2210;
1961;1724;
7455;7457;
2523;2521;
1986;2672;
1006;970;971;
2733;2392;
1690;527;1692;
2160;725;
1790;1792;
2758;1263;
1267;1269;
1271;1262;
1262;1149;
2656;2654;
1130;1281;
1281;1896;
1282;1134;
8107;8108;
1134;1148;
1272;1270;
965;2362;
1270;1268;
7605;7603;
7981;7801;
1268;1211;
911;932;2370;
2760;2762;
2166;2168;
7434;7295;7424;
2269;2268;
2268;2169;
8981;9126;
2169;2167;
1852;1854;
9152;9030;9034;9035;
843;2276;
2708;1895;
2373;2165;
1855;1852;1853;
2165;2371;
7550;7552;
1980;1653;
2297;2298;
687;1976;
2220;2222;
2025;2023;
651;2093;
7291;7295;
962;1929;
2689;2687;
2293;2294;
1647;1646;
7983;2697;
2294;
7866;7867;
2108;1919;
1913;2589;
652;2223;
2219;1977;
1977;548;
2172;1633;
548;1653;
604;123;
3481;
7587;9271;7581;
1260;1258;
1256;1254;
1254;1252;
1252;1250;1932;
1248;1246;
1246;1244;
2640;2638;
1244;1242;
7573;7571;
1238;
1243;1245;
1247;1249;2241;
7076;7074;
1249;1251;
1251;1253;
1255;1257;
1257;1259;
8110;8112;
1259;1906;
546;356;
1250;2154;2241;
7356;7448;
3901;3903;
1662;1660;
7360;9268;7581;
9607;9503;9605;9488;
3905;3907;
1666;1664;
3915;3917;
1684;1686;
3917;
2048;2046;
1678;1680;
7636;7640;
3918;3916;
1549;1455;
3908;3906;
1659;1661;
3906;3904;
1537;1455;
1283;1285;
1287;1289;
1289;1291;2161;
1291;1293;
7892;7889;
1293;1295;
1295;1297;1639;
7896;7887;
1297;
1298;1296;
1292;1290;
2633;2635;
1290;1288;
1286;1284;
7248;8346;
7069;7081;7082;
1303;1305;
1305;1908;1307;
1307;1309;
1309;1311;
9754;7353;
1311;1313;
1313;1315;
7276;7444;
1315;
1314;1312;
1308;1306;
2649;2767;
1306;1304;
1302;1291;2288;
1639;2127;
1319;1317;
1317;1320;
1322;1324;
1324;697;
2665;2667;
697;1326;
1330;
7807;7906;
7928;7845;7690;7691;
1329;2855;
2855;1327;
1327;763;
763;1325;
7924;7926;7925;
1325;1323;
1323;1100;
1100;1318;
7427;7429;
9755;7376;
1318;1247;
1335;1333;
7280;7274;
7286;7284;
1333;1988;
1988;2147;
1337;675;
7290;7296;
7148;7255;7031;
675;2149;
2406;2801;2404;
2149;1339;
1341;1048;
1347;1349;
7308;8220;
1349;
632;350;
2879;2881;
1348;1938;
7391;7508;7554;7567;
1938;2191;
2192;1346;
1346;1344;
1340;2150;
2681;2679;
1338;2148;
1334;1336;
1332;2868;
2868;2242;
1350;1352;
1354;2214;
1356;1358;
2697;2699;
7819;7746;
1358;1360;
7839;7874;7933;
1362;1364;
1364;1366;
1366;1368;
7189;9073;
7133;7028;
1367;1365;
7312;7308;
1363;1361;
1361;1359;
1359;1357;
7694;7696;7699;
1355;1353;
1353;1284;
1908;1733;
1737;1739;1732;
2444;527;
1739;
1738;1736;
1736;1734;
1734;1909;
1092;1382;347;
7041;8910;9015;
1382;1381;
1380;1370;
7193;7083;
1370;1374;
1374;1376;
7851;7690;7691;7845;
1390;1392;
1394;1396;
1396;2326;
7902;7882;
2327;
7221;9649;7215;7216;
1398;1397;
7350;7354;7724;9540;7351;7575;7352;
1397;1395;
552;2860;
1395;1393;
1393;1391;
1391;1389;
1377;1375;
7698;7695;
1375;1371;
1371;1369;
1369;1378;
7322;7324;
2588;2578;
1378;1379;
1732;
7506;7504;
1695;1738;
8621;8628;8653;8627;
7465;7624;7622;7422;
7422;7381;7373;7548;7379;7393;7353;7370;
2871;2068;
7379;7373;
2312;2315;
7353;7723;7349;9271;7351;
1530;1532;
7016;7025;
7349;8786;7726;7587;7347;9271;
1526;1524;
7582;7588;9268;9271;
7376;7374;
1431;1429;
8250;8269;
7374;7423;7380;
7380;7423;
1805;1807;
7466;7468;7452;
2301;
7351;7570;7512;
1520;1518;
7275;7271;
1838;1991;
7263;7269;
1810;1808;
7526;7532;
9253;7023;
7390;7386;7388;
2839;2278;2277;
7388;7515;
7515;7386;
7386;7525;
1433;1431;
2652;2768;
7525;7533;
9382;9379;
7533;7527;
8667;8654;
7527;7531;
7531;7529;
1582;1439;
7529;7270;
7270;7264;7272;7444;7278;
7085;7120;
7264;7272;
7384;7356;7571;
1809;1811;
7045;7065;
7352;7354;7349;
7583;7477;9514;
1618;1616;1614;2885;
7471;7495;7490;
2806;2424;
7584;7582;7477;
7285;
1462;1464;
7295;7289;7618;7434;
1842;1840;
9271;7359;8013;
7542;7536;
7536;7540;
7418;7416;
1465;1463;
2684;2686;
7109;7078;
7416;7556;
1841;1843;
7614;7414;
7404;7410;
1443;1441;
7408;7406;
1463;1461;
7407;7409;
7615;7557;
1650;2888;1647;
7461;7297;7501;
7589;7398;
9446;9453;9452;
7299;7301;
1484;1486;
7096;8086;
7301;7420;
2354;2355;
7534;7612;
1707;
7493;7449;
7560;7562;7558;
7567;7391;7562;
7424;7441;7522;7434;
2251;2253;
7516;7518;7440;
9235;9108;8734;
7518;7377;7516;
7048;7045;
7381;7725;
7549;7423;
7519;7517;7394;7378;
1554;1556;
7517;7440;7519;7422;
7440;7425;7296;7424;
7425;7435;7441;
7296;7292;7435;7619;7522;7441;7511;
7117;7115;
7392;7568;7565;7509;
7563;7561;7568;
1614;1612;
7561;7559;7563;
2819;
9418;7585;
7450;7494;
7494;7613;7449;
9762;8395;
7535;7421;
7421;7302;
2346;2348;
7396;7399;
7454;7468;7467;
7501;7499;
7499;7503;
1550;1552;
7503;7505;
7502;7462;
1675;1673;1669;
7457;7343;
7343;7337;
7337;7345;
2595;2596;
7335;7339;
7339;7428;7426;
3629;
1902;1890;
7438;7293;
1611;1613;
7293;7291;
7552;7591;
7551;7547;7592;
1586;1584;
7294;7439;
7439;7437;
2774;2776;
7431;7427;
9101;9095;9054;9052;9034;
7429;7340;
7336;7342;
7342;7346;
2027;2025;
7346;7338;
2047;2049;
9075;9074;
7338;7344;
7458;7456;
7433;7431;
7289;7287;
1466;1478;1468;
7469;7595;
1780;1948;
7595;7600;
1646;1645;
7591;7550;7595;
7592;7553;7601;
7601;7596;
8820;9199;9188;
7470;7288;
1643;1641;
7288;7290;
8603;8559;
7463;7606;
7608;7602;7604;
7602;7604;
1791;2851;
7604;7727;
8945;9079;
7727;7303;
2550;2548;7163;
7309;7313;
8711;8715;8716;
7313;7333;
7333;7323;
7323;7321;
7321;7327;
1498;1465;
7327;7319;
7319;7325;
1488;1490;
7331;7317;
1516;1514;
7317;7315;
1494;1496;
7315;7305;
9692;7735;
8219;7307;
7307;7311;
1870;2468;
7311;7412;
7412;
1837;1839;
7080;7230;
7413;7312;
8220;7306;
7306;7316;
9545;7733;7672;
7316;7318;
7326;7320;
7141;8124;
7320;7328;
7328;7322;7330;
7330;7322;
2596;2597;
9555;9554;
7324;7334;
7334;7314;
7314;7310;
2015;2258;
7125;7228;
7304;7728;
7728;7605;
8900;8904;
8938;7021;
7603;7609;
1409;2162;
1412;2189;
1414;1416;
1418;2852;
2852;1420;
7586;9419;
1420;1422;
2761;2413;2795;
7883;7896;
1422;1424;
2816;2814;
7903;7122;
1426;
1425;1423;
1423;1421;
8428;8482;
2853;1419;
1419;1417;
7758;7760;
1417;1415;
2636;2634;
1415;2190;
1410;1408;
2622;2624;
2846;119;
1427;1428;
1430;1432;
7257;7142;
1434;1436;
1436;1438;
2777;2775;
1442;1444;
1444;1446;
1446;1448;
1450;1452;
1452;1547;1454;2769;
2793;884;
7267;7265;
2103;1456;1714;
2533;1458;
1887;1889;
1458;1466;1460;
1460;1462;
1468;1470;
2809;2811;
8508;8517;8228;
1472;1474;
1474;1372;
8510;8513;
1372;1476;
2713;2711;
1476;1478;
1478;9304;1481;
1481;1939;
2700;2663;
1939;1482;
1482;1484;
1486;1488;
2880;2878;
1490;2543;
2543;1492;
7693;7656;
1492;1494;
7697;7695;
1496;
1495;1493;
9267;9418;
7018;7051;
2544;1491;
1491;1489;
1489;1487;
1487;1485;
7822;7833;7953;
1483;1940;
1940;1480;
1480;1479;
1479;1467;1477;1497;
1475;1473;1467;
8509;8424;
1473;1471;
7794;7796;
1471;1469;
1467;1459;1465;
1459;1457;2534;
2534;1457;
1457;1455;2134;
1455;1439;1453;
1451;1449;
1449;1447;
2668;2666;
1447;1445;
1441;1439;
1439;480;1437;
7762;7812;
1435;1433;1580;
1497;1499;1503;1501;
2716;2718;
1499;1501;
7826;7848;7644;7643;
1503;1505;
1505;1507;
1507;1509;
1511;2807;
2811;2813;
964;2361;
7978;7977;
2813;2815;
2815;2817;
2818;9377;2816;
2812;2810;
1512;1510;
1510;1508;
1508;1506;
1506;1504;
1504;1502;1466;
1502;1500;1466;
2896;2894;
1500;1498;
1515;1517;
1519;1521;
1521;1523;
1523;1525;
7832;7834;
3090;
1527;1526;
1524;1522;
7725;7349;
1522;1520;
1518;1516;
2912;2910;
1514;1457;
7679;7688;
1714;2900;
1532;3534;
1534;1533;
1531;1529;
2748;2746;
1529;2899;
1715;2134;
7858;7856;
1535;1428;
1579;1434;
1538;1540;
1540;1542;
7113;7111;
1542;2783;1544;
1543;2778;1541;
1539;1537;
8012;9268;9348;8006;
1580;1433;
2409;2464;
1547;1548;
1556;1558;
1558;1560;
1562;
1561;1559;
1559;1557;
8016;8007;
1557;1555;
1555;1553;
7640;7626;
1553;1551;
1564;1438;1454;1428;
2393;2395;9495;2397;
1566;2647;
1570;1572;
8044;
1571;1569;
1569;2648;
1577;104;
7668;7761;7760;
1581;1583;
1585;1587;
7672;7732;9729;7670;9547;
1587;1589;
1589;1591;
1591;1593;
1593;1595;
8058;8359;
1595;
1594;1592;
1590;1588;
1588;1586;
1565;105;
1578;
2578;2579;
2579;
2580;2581;
2581;2574;
2574;222;
2769;2770;
2778;2780;
9491;9334;9333;
2780;2782;
8469;8345;8429;7180;8509;7248;
7946;7249;
2781;2779;
2779;1542;
9502;9500;9507;9506;
2783;2777;
9735;7965;2817;1564;2914;
9304;9326;
9125;8980;
9326;9334;9332;
9334;9328;
9328;9336;9769;
9336;9329;
9029;9234;
9329;9335;
9335;9327;9489;
9489;9340;9339;
7998;2342;
9339;9694;9504;9491;
9504;9608;
8813;8809;
8917;8779;
9608;9605;
9605;9610;9609;
8888;8870;
9610;9718;
9718;9724;9764;
9724;9604;9603;9715;9712;
9715;9721;9412;
9721;9407;9719;
9719;9407;
9407;9412;
8061;8123;
9412;9766;
9766;9414;
9414;9409;
9415;9767;
9767;9413;
9208;8502;8366;8336;
9413;9406;9722;9716;
8187;8416;8262;
9406;9722;9720;9716;
9720;9722;
8901;9160;9060;
9722;9716;
9716;9765;9725;
9725;9717;9715;9603;
8880;8884;
9717;9609;
8872;9248;9087;8873;
9606;9607;
9503;9506;9491;9340;9339;
9340;9695;9491;9694;
7970;7809;
9327;9305;
9305;1479;
8914;9206;7900;
7965;7966;
8785;8787;
7966;9724;
8038;8204;
9765;9712;9603;9717;
7870;8842;
9723;9735;2817;
9603;9713;9725;
7091;8705;
2357;
9450;9452;9453;
9453;9451;9447;9454;
9120;8799;8798;9224;
9447;9448;9453;
7969;7968;
9448;9441;9443;
9443;9449;
9449;9446;9447;
9452;9447;9451;
9451;9714;
9714;9604;9450;
7741;8027;
9604;9725;9764;9724;9714;
9405;9413;
9072;9085;
9444;9449;
9388;9380;
9380;9378;
8175;9784;
9378;9661;9379;9399;
9379;9381;7965;9399;
7654;7652;
9381;9387;2818;
9048;8977;
9332;9489;
2590;1911;
9695;9502;9337;
9506;9501;9505;
9501;9695;9694;
9337;9491;9489;
9333;9327;
9694;9502;9337;
9500;9505;9504;
9505;9768;9607;9608;
9768;9488;
9488;9483;9484;
8797;8978;
9483;
9484;9487;9485;
9487;9607;
9764;9603;9712;
9442;9449;
9454;9713;
9769;9329;
1597;291;
8897;8900;
1601;1603;1605;
8076;8257;
1603;1952;
1607;1563;
1563;1609;1611;
1609;1611;
2316;2445;
1615;1617;2297;
2261;2018;
1617;1619;1621;1630;2893;
1619;1621;
1623;1625;
8080;8471;8476;
1625;1627;
8090;8471;
2332;2755;7909;
1627;1629;
1628;1626;
7961;7957;
1626;1624;
7957;2697;
1622;1620;1618;
1620;1618;
1610;1608;1606;
1606;2130;1602;
1604;1602;
1602;1600;854;
1630;2170;
1634;2173;2858;
2176;2174;
9017;8863;
1633;2171;
1631;1618;
2277;1881;
7442;7350;
1598;291;676;
8898;8894;
2033;2391;2035;
2035;2527;
2527;2545;
2545;2037;
2039;2041;
2043;2045;
7817;7827;7826;
2051;
2050;2048;
2044;2042;
2042;2040;
7865;8099;
2038;2546;
9251;9247;8931;
2528;2036;
2036;2034;
2034;1622;
9785;8177;8176;
2765;2763;
2763;2761;
7968;7970;
2795;2797;
2797;2820;
2799;2403;
2405;2407;
2794;
2801;2800;
2800;2821;
2821;2798;
2796;2760;
2762;2764;
2764;2766;
1999;1913;2001;
2001;2003;
2003;2005;
2007;2009;
2011;2013;
2017;2260;
2020;2022;
2022;2024;
2024;2026;
2026;2028;
7843;7841;7250;
2028;2030;2756;
2030;2245;
2400;2398;
2032;2246;
2246;2031;
2031;2607;2029;
2023;2019;
2019;2261;
2018;2259;
2016;2014;
2012;2010;
7833;8843;7819;
2010;2008;
7185;2518;
2008;2006;
7829;7932;7757;8002;
2006;2004;
7181;8469;
2004;2002;
2002;2000;
7831;7819;
2000;1998;
1636;1638;
1638;1779;
1779;2591;
7856;7853;
1911;1651;
1651;1637;
8108;8110;
1635;1914;
1914;2000;
2464;2547;
2549;2551;
1903;2867;
7695;7703;
2518;2567;7068;
2568;2566;
8154;8136;
2396;2394;
1689;1687;
9513;495;9651;706;7052;
7068;8560;8631;
8787;8789;
8560;8604;
8604;8581;
8581;8579;8577;
8579;8551;
8551;7179;
7179;7094;
7178;8550;
2525;1204;1193;
8550;8578;8577;
8578;8577;8580;9771;
8580;8603;
8559;2568;2567;
9512;706;
8821;9187;
7183;7174;7113;
7004;9673;
9673;7008;
7006;7011;8678;
7114;7116;
8841;8845;
9683;7091;8703;8712;
8705;8715;
8715;8710;
8710;7176;7177;
7814;9524;9632;1688;
8706;7092;
7092;9681;8704;
2350;2351;
9681;8712;
8712;8708;
9557;9728;7733;7010;
8708;8714;
8714;8709;
9676;8709;
8709;8713;
9528;
8713;9682;9684;
2512;2475;
9682;7091;7117;
7177;8711;
9546;9353;2824;725;
8151;8149;
8716;8706;
9684;7117;8712;8703;
9565;7011;7008;
7184;9621;
7005;7182;
7182;2552;9621;
1867;1400;1868;
8619;391;8623;8722;9356;8691;
8623;8625;8626;
7796;7718;
8625;8624;8628;
7921;7907;7927;
8628;8625;8621;8622;
8653;8634;8666;
8007;8013;8012;
8666;8591;8592;
8591;8599;9480;
8599;8592;
8600;8592;9479;
8592;8667;8599;9480;
8622;8628;8654;8653;
8624;8619;8620;
8620;8623;391;2914;8691;
9734;1564;2914;
9399;8208;9325;
8208;9623;
9623;9390;
9390;
9389;9624;
9056;9064;
9624;9325;
8933;
9325;9398;9623;
9398;9379;
9377;2914;
8816;8808;
9661;9371;
9371;9602;9770;
9602;9726;9372;
9726;9549;
8704;9684;9683;
9549;9563;
9563;9495;9496;
9495;9564;
7078;7076;
9496;9564;2394;
8805;8858;
9564;9548;
9548;9727;
9770;9372;9726;
9372;9382;
8631;8633;8634;
8633;8653;8621;
8634;8632;
8632;8608;2567;7067;8633;
8608;8560;
8577;8721;8722;8579;
8722;9662;8618;9771;8577;9663;
8618;9531;391;9662;
8721;8620;9662;8618;9771;9663;7028;
9771;8579;8551;8580;8721;
9480;9671;
8789;9027;
9671;9478;
9478;8599;
7232;7226;7225;
9479;9672;
9672;9481;
9481;8592;
7067;2566;
7163;7167;7168;
9270;9230;
7159;7156;
9586;7040;
9587;7039;
8261;8183;8417;
7164;2552;2551;9622;
7931;7828;
9662;8619;9361;8722;8721;
9361;8346;8244;8345;9662;
8346;8499;9591;7247;8468;9361;
8468;9591;8498;8223;7247;7180;
9591;8056;8245;8344;8246;8044;8043;
8344;
8343;8368;8056;8104;8184;8502;8390;8145;8444;
8390;8345;7181;8044;8469;8424;7180;8426;8245;8056;
8345;9360;8118;8418;8083;8468;7247;
9360;8345;9662;9663;
9181;9201;
9663;9361;8722;9533;8327;9360;
8260;8470;
8788;8786;
8079;8126;
8126;9780;
9780;8155;
9063;9055;
8155;9781;8151;
9781;8127;
8471;8089;8261;8079;
8089;8524;
1754;1983;1852;
8524;9782;
9782;8510;
8513;9365;8511;
9365;9410;
9032;9152;9030;
9648;8618;9357;8692;
8957;8964;8967;8965;
9411;9366;
9366;8514;
8511;9783;
9783;8525;
8525;8090;
9728;7672;7671;
8156;9781;
8183;8189;8344;8288;
2144;1650;
1774;1778;1955;
686;2143;
2300;1616;
943;1640;
2792;2793;
1642;1644;
1649;1648;
1641;944;
2348;2491;
2366;2364;
8122;8060;
2364;871;
1657;1659;
2790;2791;
1663;1665;2593;
2181;1990;
1665;1387;
1387;1668;2208;
7726;7382;
1668;1670;1674;
1670;1672;
1674;1676;9519;
2505;2503;
8003;7829;
1676;1678;
1682;1684;
7647;7811;7766;
1686;1688;
1687;1685;
1683;1681;
1681;1679;
1679;1677;
1671;1669;
8140;8196;8496;
1667;1666;
7111;7109;
1660;1658;
2489;2751;
1658;2225;960;
7993;7995;
2224;1657;
2208;2209;
1225;2601;
2601;1343;
1343;2603;1209;
2885;2884;
7765;7813;
1942;2602;1924;
1945;2640;1946;
7898;9267;
2140;2629;
2606;2594;
2594;2619;
2597;2598;
2599;2600;
8179;8420;
2600;2225;
1697;1699;
1699;1701;
1703;1705;
1705;1707;
2412;2760;
1706;1704;
1704;1702;
1702;1700;
1700;1698;
1698;1693;
1713;1711;
1711;1709;
2257;
1716;2244;
2757;2343;9632;
1215;1180;
8050;8163;
2343;2342;
2340;2338;2332;
8098;7864;
2338;2336;
2336;2334;
1966;1783;1786;
7403;7397;
2334;2332;
8105;9426;
2339;2341;7879;
2341;2411;7998;
8940;8855;8916;
932;963;
2651;2653;
7393;7518;
963;964;
2182;1787;
2361;3624;2710;965;
8832;9045;
972;973;
1083;1120;
7042;9037;
2645;1121;
1121;1209;
7674;7650;7668;7667;
1209;1225;1121;
1345;1343;1400;
1898;1868;2822;
2824;9520;1689;1693;9524;1688;
309;2823;
1907;1898;1916;
1916;9347;1920;
2233;2053;
1921;1920;1924;
1924;1921;1934;
1946;1942;1947;
7769;7788;
1947;1946;2646;
1956;1957;
1958;1959;
1959;3625;
3625;2367;
1982;1967;
2352;2493;
1967;1980;
9312;1035;914;
9133;8927;
9632;9525;1012;
8941;9038;
2288;2289;
9523;7768;
8422;9024;8179;
7768;7748;7816;
7648;7811;
8883;8879;
7658;9541;9567;7656;
9567;9541;
9541;7656;
8824;9210;
9761;8452;8451;
7656;7652;
9566;7657;
7766;7767;
1813;1815;
7816;7814;2824;
9524;9633;
2303;1885;
9633;1693;1698;7815;
9313;496;
9103;9052;
7764;7758;
7760;7667;7759;
1815;1817;
7667;7760;7673;
2088;2532;
7673;7659;
7661;7665;
7665;7663;7664;
8884;8878;
7663;7669;7666;
7669;7671;
7671;8018;9729;7732;
9729;9547;
9547;9352;2824;9353;
9352;7814;9557;9545;
9348;9310;
9310;9476;
9476;7358;
7358;7360;
9477;9311;
8760;8764;8763;
9311;9349;
9349;8013;
8013;7732;8019;8006;7782;7783;
8019;7672;7732;7733;7671;
7732;9547;7798;9546;8018;
7626;7633;
9353;2824;
9386;7511;
9516;7349;
9540;9271;
9514;7483;
9515;7584;
7798;7835;
1845;2529;
8743;8791;
7835;7711;
7711;7769;
7788;7734;
1827;1829;
7734;7905;7906;9691;
7806;7971;
7994;7992;9757;
9166;9171;
9148;9091;
7992;7989;
9741;7990;
7990;7993;
7789;7770;
7770;7712;
1817;1819;
7712;7836;
7836;7799;7798;
9691;7898;
9420;9625;
9625;9265;
9265;7973;
7973;9416;
9416;
9417;7974;
9689;9626;
9626;9421;
9421;7586;
2105;2057;
9419;9629;
9629;7899;
8784;8792;
8807;8819;
7899;9692;
7010;8018;
8006;8016;8017;
1762;1764;
1764;1766;
1766;1768;
1768;1770;
1770;1772;
1772;1774;
8099;8101;
1778;1780;
1948;1782;
2265;1817;
1782;1965;1784;
1783;1949;
1775;1773;
1771;1769;
1767;1765;
1763;1761;2735;
1755;400;401;
2767;2651;
2661;2700;
2667;1778;
1915;1777;
1777;
1984;1783;
9020;8869;9263;8859;
8457;8432;
2768;2650;
2673;1147;
7916;7925;7919;
1955;1803;
1803;1805;
1807;1809;
1811;1813;
1819;1821;
1821;1823;
1825;2251;2869;1862;
2253;2465;
1829;1831;
1831;1833;
1833;1835;2909;
1835;
1834;1832;
1830;1828;1879;
1828;2466;
2252;1826;1862;
1826;1824;
1822;1820;
1818;1816;
1814;1812;
1812;1810;
1806;1804;
8121;8030;
1786;2181;1788;
1990;1837;
1843;2901;
2901;1845;
8027;7743;
2529;2531;
2089;1847;
1847;1849;
7802;7800;
1849;1273;
1273;3481;
1851;1850;
1850;1848;
1846;2902;
1844;1842;
1991;2182;
1787;1785;1965;
1785;1984;
2492;2349;
1788;2850;
2850;1790;
1794;2142;1796;
2056;2104;
2104;2058;
2060;9665;2062;
1865;1864;
2062;2064;
2064;2628;
1694;2487;
7653;7804;
2066;2084;
7842;7844;
2084;2871;
2068;2070;
2072;2354;
2355;2357;
2356;2074;
2073;2071;
2071;2069;
2069;2872;
9180;8946;8409;9199;
2872;2085;
2085;2067;
9196;8947;
2067;2140;
2057;2055;
9168;9237;
2053;2133;
2133;1797;
7756;7829;7931;7828;7857;
1795;1793;
2851;1789;
2869;1694;
1866;1865;
1863;
1854;1856;
1858;2553;
2553;1861;
1724;1901;2502;
1862;1860;
1860;1859;
7820;7830;
1859;1857;
1857;1855;
1853;1755;
1796;1798;
1798;1800;
1802;
1801;1799;
1799;1797;
2524;1925;
8505;8268;8227;
2688;2690;
2677;2390;
2867;2584;
2584;2585;
2585;2302;
742;1215;2287;
2287;2286;
1876;1950;
1950;2467;
2320;2321;
2345;2346;
7250;7252;7251;7945;
1951;1877;
2841;2740;
2278;1162;1161;
1869;1383;
1383;1871;
7701;7704;
1878;1829;
1879;1872;
2313;1870;
2742;2840;
2840;2741;
1883;1885;2194;
1889;
1886;1884;2194;
1884;1882;2330;
2201;2203;
7705;7700;
1882;2278;2742;
236;1900;
1107;307;
1905;1904;
1890;1178;
7852;7874;
1891;1893;
2704;2706;
1895;2738;
1894;1892;
1892;1153;
7014;7012;
2540;2675;
8741;9029;
7079;7172;
2329;2328;
2328;2311;
1992;1887;
2432;2676;
8761;9064;
2541;2430;
2860;2427;
2508;2509;
2509;2510;
1220;2511;
2511;2512;
7060;7056;7148;9617;7031;
2318;2319;
8073;8398;
2307;2310;
7738;2246;
8910;8759;9709;
8759;8769;
8769;8765;8763;
9064;8848;8876;
9397;9139;
8848;8865;8876;
8876;8871;9087;
9087;
9086;8871;9253;9081;9248;9106;8873;7023;8939;
8873;8847;8862;9062;
8847;9063;8766;9062;
9062;8760;8764;
8768;9736;8826;1960;
8533;8531;
9736;8911;
8911;9709;7042;
9709;1960;
8864;9018;
8826;9220;
9220;9125;
8980;9127;
9127;8941;
9038;9040;
9040;9036;
9036;7041;
8803;8826;
9015;
9016;7042;
9221;8827;
9037;9041;
9216;8848;
9041;9039;
9039;8942;8943;
8942;9128;
9128;8981;
8827;8804;8769;
8804;7047;
9430;1668;
9519;2823;
9347;2824;
9520;1675;
8829;8952;
9431;960;
9106;9136;
9136;8738;
8738;8780;
8780;8926;
8926;9132;
9132;8924;
8925;9133;
8927;8781;
8781;8739;
8739;9137;
9107;9087;
8871;8986;
8986;9147;8846;9146;
8846;8852;8851;
7132;
8851;9233;8413;9234;
9233;9028;8851;8756;8757;
9212;8756;9235;8922;
9108;9009;
9009;9005;
9005;7189;
7220;7218;
9073;9075;
9074;7124;
9006;9010;
9010;9109;7003;
9109;9236;
9236;9213;8921;
9213;8922;8757;
8757;9213;9234;9212;
9234;8757;8852;
8852;9234;8849;
8849;9147;8987;8852;8851;
8987;8872;
8734;8732;
8732;8730;
8730;8822;
8822;9003;
7003;9004;
9004;8823;
8823;8731;
8731;8733;
8733;8735;
8735;9236;
9330;9664;
9331;8757;
7958;7955;
8921;9212;
8413;9156;
9156;9146;
9146;8987;9157;
9248;9090;8867;
9069;9085;
8867;8939;8940;
8939;9082;9081;8778;8854;8775;
8778;
8779;8854;
8854;8972;8971;
7895;7890;
8972;8871;9216;9087;
8865;8876;
9147;9156;8987;
8922;
9090;9253;8939;
9150;9250;
8047;8450;8477;
9250;8938;9255;9246;
9184;8933;
7256;7254;7030;
7077;7108;
8934;9185;
9185;7022;
8931;8975;
8975;9079;9077;
9079;9122;
9122;7024;
9254;8940;9087;
8855;8972;
9028;8740;
8740;
8771;8767;
8767;8848;
8862;8847;
8770;8772;
8772;8779;
8226;8370;
7023;9119;
9119;9077;7024;
9077;9119;8944;8974;
9256;9251;
8974;8930;
8930;7021;
8944;9112;
9112;9129;
9129;9084;
9084;9071;
9071;9138;
9138;9141;9396;
9141;9145;
9145;9069;
9085;9130;
9264;9395;9021;
9113;8945;
9396;9176;9175;
7692;7702;
9175;8832;
9045;9166;
9224;9228;
9171;9170;9158;
9170;9174;
9174;9046;
9046;8833;
9176;8832;9397;
9158;9168;
9237;9239;
9239;9241;
9241;9238;
9238;8830;
8830;8950;
8950;9089;
9089;9042;
9042;9186;
9186;8856;
8856;9131;
9131;9261;
9261;9240;
9240;9200;
9061;8970;8901;
9200;9169;
9169;9159;
9159;9172;
9172;9167;
9167;9047;
9047;8833;
9055;8773;
8773;9057;
9057;9043;
9043;8969;8961;8901;
8961;8965;8966;
8965;8967;8902;8962;
8967;8957;8965;
7565;7511;
8964;8959;8957;9163;
8959;8963;8964;
9162;9160;8963;
9160;9162;8962;
8962;9044;
9044;9058;
9058;8774;
8774;9056;
9060;8874;
8886;8877;
8877;8883;9314;
8879;8752;
8752;8747;
7666;7662;
8747;8754;
8754;8749;
8749;8744;
8744;8750;
8750;8755;
8748;8753;
8753;8880;8995;
8878;8887;
8887;8882;
8882;8875;
8875;9061;
8970;9044;
8111;8512;
9314;8994;
8994;8990;
8990;8993;
8993;8998;8999;
8999;9013;8996;
8996;9214;
9013;8991;
8991;8995;8999;8998;
8995;9315;8991;
9315;8878;
8902;9044;9060;
8998;8996;
8966;8958;8902;8968;
8968;8966;8958;
8958;8968;8963;
9163;8964;9161;
9161;9163;8901;
9214;9189;
9189;9191;9268;
9191;
9192;9190;
9215;8997;
8786;8784;
8790;8742;
8742;9124;9123;
9124;8743;
8791;8793;
8793;8785;
9027;9211;
9211;8825;
9205;9198;8915;
8915;9165;
9018;8409;8486;
8936;9256;
9247;9082;9083;
9082;9193;9150;
9193;9087;
9246;9250;9081;
9255;8935;9250;
8935;9199;9110;9255;8805;
8858;8821;8857;
8857;8821;
9187;8820;
9188;8808;
8808;8812;
8812;8818;
8818;8806;
8806;8810;
8810;
8811;8807;
8819;8813;
8809;8866;8817;
8866;9243;
9243;9183;
9199;8935;8951;9180;8936;
9195;9197;
9197;7900;9204;
7900;8824;
9210;9026;
9026;8788;
9123;8743;
9198;9196;
8947;9181;9180;
9204;9202;
7211;7209;7257;7256;
9202;9120;8984;
9228;9226;
9226;9270;
9227;9229;
9229;9225;
9114;8985;8799;
8985;9203;
9203;9205;9207;8947;
9230;9231;
9231;9232;
9232;9223;
9223;9227;
8798;8800;
8800;8802;
8802;9002;
9002;9048;
8977;8796;
8796;
8978;9049;
9049;8795;8794;
8795;9012;
9118;9117;
9117;9115;
9115;9116;
9116;9120;9114;
8863;9164;
9164;9182;8914;
9182;8914;
9206;9202;
8828;8937;8951;
8937;8828;9067;
9067;8918;8937;
8918;8869;9068;9067;
7142;7121;
8869;8885;9020;8918;
8885;9257;9258;
9257;9259;8888;
9259;8860;9257;
8860;9260;9259;
8861;9260;
9260;8860;9258;
9258;8888;9260;
7013;7015;
8870;8919;8918;
8919;9068;
9068;9179;
8039;8096;
9179;8829;
8952;9201;
9263;9245;9395;8859;
9245;8920;8907;9263;
8920;8893;
8893;8905;
8905;8895;
8895;8899;
8899;8896;8903;
8891;8889;
8892;8897;
8904;8906;8898;
8894;8908;8923;
8908;9244;
9244;9264;9263;
8859;9263;9020;
8907;9244;8834;8850;8893;9245;
8850;9093;
9093;9097;
9097;9094;
9094;8853;
8853;8907;9052;9103;
9052;9100;9101;8834;8850;
9100;9035;9091;9052;9092;9034;
9091;9134;9101;
9134;8736;8838;9091;
8834;8907;9052;8908;
8838;8836;9135;
8836;8838;8839;
8837;8839;
8839;9135;8836;
9135;9092;8839;8737;
9092;9101;9134;
9054;8835;9102;8834;
8835;8908;8920;
9395;9021;
8736;8844;9134;
8844;8736;8840;
8840;8845;8838;8844;
9536;
8845;8737;8840;
8737;9135;8845;
9102;8850;
8890;8892;
7049;7057;
8906;8894;
9034;9152;9100;9151;9101;
9151;9035;9031;9033;
9031;9151;9032;
9030;9033;9151;9032;9152;
9035;9148;9100;9101;9151;9054;
9033;9030;9528;9031;
9542;9032;
9083;9193;
8799;8801;
2289;1296;
7273;7279;
7279;7277;
7277;7269;
7274;7266;
7266;7268;
7522;7295;
7611;7610;
9387;9377;
9441;9449;
9485;9482;
9482;9605;
2610;2611;
2611;2612;
2612;2621;
2613;2614;
7678;7682;
2615;2616;
2616;2617;
2617;2618;
8320;8376;8373;
2873;2891;
2784;2786;
7923;7918;
2856;
2785;2857;
2857;2172;
2878;2876;
8502;8052;8472;7479;
8369;8225;
8052;8058;8365;
8359;8251;
8251;8315;
8315;8162;8253;
8244;8499;
8049;8086;8081;
8363;8039;8102;
8096;8100;
7864;
8101;8097;
8364;8087;8081;
8163;8316;
8316;8252;
8360;8059;
8512;9209;8344;
8081;7095;
8062;7096;
8472;8459;
8102;8103;
8103;8107;
8308;7257;
8113;8023;
8482;8231;
8231;8388;
7216;7222;
8388;8457;
8432;8434;
7979;7645;
8434;8448;
8448;8121;
8030;8216;
7846;7851;7928;7838;7927;
8216;7480;
7480;8512;8111;
9209;
8215;8029;
8029;8120;
8120;8449;8255;
8449;8435;
8435;8433;
8116;8222;
8433;8458;
8458;8389;
8389;8232;
8232;8484;
8484;8216;
8255;8296;
8296;8349;
8349;8076;
8257;8412;8206;
8206;8410;8411;
8410;8407;8326;8408;
8326;8313;8312;
8313;7141;
8124;7127;
7127;8322;8329;
8322;8325;
8325;8323;
8323;8314;8313;
8314;8329;
8329;8410;8411;
8411;8407;8207;8408;8326;
8523;8408;
8408;8410;8411;
8207;8258;
8258;8077;
8455;8528;
8077;8350;8297;
8350;8297;
8297;8256;
8256;8121;
8312;8322;
8104;8676;8235;8655;8320;8236;8321;
8235;8676;
8676;8330;
8330;8340;
8340;8505;8503;
8503;8268;
8268;8128;8249;9750;
8249;8114;8115;
8334;8173;
8173;8461;8465;
8461;8347;8348;
8347;8211;8465;
8211;8347;8203;
8203;8037;8206;8211;
8037;8064;
8064;
7639;7683;
8204;8212;8206;8207;
8212;8204;8348;
8348;8462;8212;
8462;8174;
8174;8335;
8335;8115;
8115;8250;8334;
8269;9750;8504;8507;8505;
8504;8341;
8341;8332;
8332;8320;8677;
8677;8237;8106;8236;
8237;8106;
8106;9209;8344;8447;
8465;8355;
8355;8461;
8376;8318;8317;
7108;7110;
8317;8373;8479;8377;
8479;8305;
8305;8075;8321;8324;
8321;8305;8104;8106;
8373;8319;8318;8317;
8319;8330;8373;
9750;8310;8311;
8310;8122;8450;
2497;
8123;8311;
8311;9751;8450;
9751;8269;
8507;8341;8268;8320;
8318;8377;8480;
8377;8305;8307;
8307;8324;
8324;8106;
8227;8508;
8517;8527;
8527;8518;
8518;8506;
8506;8228;
8228;8507;
8128;8281;8280;8269;
8281;8067;8138;8128;8477;
8478;8066;8068;8067;8047;
8477;8047;8068;8066;
8450;8311;8047;
8280;8067;
8138;8269;
8236;8403;8106;8319;
8480;8307;
8655;8414;
8414;8181;
8181;8202;
8202;8405;
8405;8301;
8301;8718;
8718;9762;
8395;8213;
8213;8399;
8399;8094;
8094;8140;
8196;8185;
8185;8192;
8192;8489;
8489;8241;
8241;
8242;8490;
8490;8193;
8193;8186;
8197;8141;
8141;8095;
8400;8214;
7641;7637;
8214;8396;
8396;9763;
9763;8719;
8719;8300;
8300;8406;
8406;8240;
8240;8182;
8415;8656;
8229;8092;
8092;
8230;8497;
8497;8141;
8424;8430;9591;
8430;8498;
8498;8345;
7793;7715;
8500;8175;
9784;8035;
8372;8130;
8177;8046;
8084;8346;
8499;8431;8469;
7074;7063;
8431;8425;
8425;9591;
8083;8045;
8045;8175;
8501;8034;
8034;8032;
8032;8139;
8444;8535;8463;8530;
8463;8273;
8273;8233;
8233;8493;
8493;8342;
8342;9050;
9050;8198;
8198;8168;
9249;8871;
8168;8218;8392;
8218;8129;
8371;8271;
8271;8277;
8277;8298;
8298;8397;
7751;7753;
8397;8072;
8072;8275;
8275;8308;
8276;8073;
7226;7087;7081;7946;
8398;8299;
8299;8278;
8278;8272;
8272;8372;
8270;8169;8168;
8201;9051;
9051;8375;8342;
8375;8494;
8494;8234;
8234;8274;
8274;8464;9753;
8464;8445;
8445;8344;8447;
8392;8394;
8394;8393;
8393;8169;
7121;7086;
7119;7228;
8541;7094;
8540;7227;7079;7094;
7118;7085;
7999;7210;8309;7211;
8309;8276;
8426;8468;8157;
8418;8205;
8205;8442;
8442;8194;
8194;8481;
8481;8287;
8287;8210;
8210;8328;
8328;9662;
8429;9591;
8327;8259;
8259;8286;
8286;8483;
8483;8195;
8195;8443;
8443;8239;
8239;8419;
8419;8346;
8223;8221;
8221;8116;
8222;8224;
8224;9024;
9357;8620;
9024;8422;8469;
8420;8422;8160;
8160;8429;
8421;8423;
8423;8180;
9425;8223;
8056;8436;8467;8187;
8467;8187;
8416;8260;
8149;
8417;8189;
8466;8057;
8476;8089;
8436;8451;
8451;9760;8057;
9760;8187;
8262;8183;
8288;8438;
8438;8351;
8351;8474;
8474;8264;8284;
8264;8515;8356;8357;8217;8344;
8357;8302;8336;
8302;8401;
8401;
8402;8302;
8488;9209;8368;
8368;8284;8285;8265;
8285;8475;
8475;8145;8352;
8352;8439;
8439;8289;
8289;8184;
7885;7883;
8263;8189;
8452;8437;
8437;8057;
8245;8515;8390;
8515;8356;8245;
8356;8336;8302;
8336;8446;
8446;8104;8444;
8403;8526;
8526;8377;
8447;8338;
8338;8368;8487;8488;8357;
8487;8344;8368;
8284;8361;8265;8264;8475;
8361;8455;
8528;8502;
8459;8052;
8365;8053;
8473;8529;
8529;8456;
8456;8362;
8362;8265;
8265;8475;8516;8246;
8516;8246;8357;
8246;8390;8516;9591;
8366;8264;
8530;8532;
8532;9752;
9752;8274;
9753;8533;
8531;8447;
9537;7480;
8145;8369;
8225;8135;
8131;8136;
8136;8226;
8370;8146;
8146;8474;
8217;8495;
8495;8091;
8091;8183;
8134;8154;
8535;8041;
8041;8534;
8534;8440;
8440;8491;
7922;7928;7682;
8491;
8492;8441;
8441;8536;
8536;8042;
8042;8537;
8537;8445;
8153;8133;
8776;
9621;7163;
8074;7040;
9269;7040;
9622;2518;7185;7183;
8703;7091;
7110;7112;
7112;7182;
9617;7071;7061;
7081;7070;7223;7225;
7215;7217;7222;
7222;7224;
7224;7082;7087;
7082;7225;7070;7226;
7070;7055;7072;
7055;7072;
9618;7059;7060;
7122;7050;
7050;7017;
7017;7014;
7027;7132;8722;
7028;7020;
7015;7018;
7882;7173;
7173;7080;
7230;7094;
7209;7106;7107;
7197;7201;7106;
7201;7200;7198;7205;
7198;7107;7201;
7107;7211;7212;7198;
7212;7211;7210;
7046;7049;
7057;7061;
7205;7195;
7194;7196;
7202;7197;7198;
7651;7653;7756;7856;7866;7655;7858;
7828;8002;
8002;7817;
7644;7684;7685;7827;
7685;7688;7690;7849;7687;
7690;7847;7927;7684;7851;7685;
7927;7846;7921;7845;7690;
7845;7843;7837;7928;
7251;7225;7249;7232;
7087;7223;7070;7225;
7247;8468;8345;
7180;9591;8468;
8627;8625;
8691;9647;
9647;9534;
8692;8620;
8626;8628;
7231;7251;7252;
7249;7838;7837;7845;
7838;7846;7250;7845;
7643;7827;7848;
7827;7818;7644;
7818;8003;7952;
7757;7652;7651;
7652;7656;7756;
7252;7232;7226;
8586;7008;7011;
8587;7026;
7146;7009;7008;
8678;8584;
8584;8609;
8609;8555;
8555;7744;
7744;8554;
8554;7745;
8556;8610;
8610;8585;
8585;8679;
8679;7007;
7749;7745;
9531;391;
9651;706;7052;
9356;9647;
9535;9648;
7675;7708;
7704;7700;7709;
7700;7698;
7702;7694;
7696;7717;
7717;7795;
7795;7793;
8010;7719;
7719;7721;
7662;7660;
7699;7701;
7709;7797;
7761;7759;
7759;7765;7763;8238;
7763;7768;7767;
7857;7822;
8843;7830;
7821;7870;
8842;7831;
7746;7754;
7754;7752;
7750;7744;
7753;7755;
7823;7859;
7859;7757;
7848;7687;7684;7688;
7945;7225;
7682;7638;
7633;9756;7574;
7687;7685;7678;7684;7849;
9756;7641;
7637;7639;
7907;7919;
9634;7450;
7919;7916;7904;
7925;7923;7916;
7918;7924;
7917;7920;
7904;7922;7921;
7691;7685;7684;
7932;7757;
7847;7845;
8017;8007;
7800;7980;
7980;7976;
7962;7959;
7967;7961;
7853;7862;
7855;7652;7867;
7889;7894;
7887;
7897;7884;
7886;7895;
7890;7893;
7893;7035;
7872;7860;
7860;7652;
7710;9545;
9757;8105;
9426;8959;
8960;9427;
9427;9364;
9364;9758;
9758;7995;
2502;2504;
8763;8761;
8943;9128;
8916;9218;
9218;8782;
8782;8776;
8783;9219;
9219;8917;
9110;8814;
8814;8816;
8817;8815;
8815;9111;
9111;8936;
8801;9001;
9001;9048;
8794;9011;
9011;9114;
9207;8915;
8486;9181;
8889;
8903;8900;
8923;8834;
9095;9134;
361;118;
7219;
9649;9555;
9554;9556;
9556;9650;
9650;7215;
7721;7713;
7713;7706;
7706;
7714;7722;
7722;7720;
7634;9756;
7952;7950;
8238;7758;7812;
7782;8012;8019;
7783;8012;8019;
7956;7960;
7960;7975;
7975;7958;
7955;7646;
7977;7981;
7743;7983;7982;
7941;7808;
7808;7969;
7878;7880;
7880;2340;2341;
8971;9249;
9157;8849;
